key,zh,note
action.Settings.text,设置...,设置菜单
action.NewProject.text,新建项目,
action.OpenFile.text,打开...,
action.SaveAll.text,全部保存,
action.Find.text,查找...,
action.Replace.text,替换...,
group.FileMenu.text,文件,
group.EditMenu.text,编辑,
group.ViewMenu.text,视图,
group.NavigateMenu.text,导航,
group.CodeMenu.text,代码,
group.RefactorMenu.text,重构,
group.BuildMenu.text,构建,
group.RunMenu.text,运行,
group.ToolsMenu.text,工具,
group.VcsMenu.text,版本控制,
group.WindowMenu.text,窗口,
group.HelpMenu.text,帮助,
button.ok,确定,
button.cancel,取消,
button.apply,应用,
