source,target,note
Settings,设置,常用菜单
Project,项目,
Module,模块,
Build,构建,
Run,运行,
Debug,调试,
Refactor,重构,
Navigate,导航,
Version Control,版本控制,
Gradle,Gradle,品牌名保留英文
Android,Android,品牌名保留英文
Kotlin,Kotlin,品牌名保留英文
Java,Java,品牌名保留英文
OK,确定,按钮
Cancel,取消,按钮
Apply,应用,按钮
Yes,是,按钮
No,否,按钮
Close,关闭,按钮
Add,添加,按钮
Remove,移除,按钮
Edit,编辑,按钮
Delete,删除,按钮
Browse,浏览,按钮
Refresh,刷新,按钮
Search,搜索,
Replace,替换,
Find,查找,
Open,打开,
Save,保存,
New,新建,
Import,导入,
Export,导出,
Plugin,插件,
Editor,编辑器,
Appearance,外观,
Keymap,按键映射,
Notifications,通知,
Inspection,检查,
Intention,意图,
Template,模板,
Warning,警告,
Error,错误,
Information,信息,
Confirmation,确认,
